path,sha256,size_bytes
2048.html,476d8e136533e633a6e3a7406d1d5349d3923807eb76a5cf387d4b2f04afb406,47031
ART_ASSET_SOURCES_R68.md,dbf09f48ebeec66586cbcf9b3c0b74026b435a38f0ffb06e6ddb587a55a50382,2340
README.md,24864a2e7b945dc72c4b37992caafe5a313d8921a11935a6c1ddeb910c66331f,1449
abyss.html,5b03dbced1fc14f106537cd91c14c65bc625ebd6261606991d5b3a78eb17812d,76493
accelerator.html,6ad110bf3fce977b4dd631ec08674e717c403801b6ab8ed0a72fa004e1b29877,45155
acid-base.html,63d3b1f7a3c452ec2f529846828da765aa9907dcfe32bb0f965dee64b78cc666,63371
acorn-fermi.html,98f331bcb815b79a96df6cebb4e0b8c0f5448326b38194b31b81d8b0fa3a37b2,41178
airship-expedition.html,3670b239a5760df321eac6d12dc1599d4bc1830ad5e79ec9b8524b57a64e8f1b,57690
ant-colony.html,260e5dd2472b747bb32a3a355e5f1162ca4e44a12372c8ed86e3066168edadb2,59262
art-athens.jpg,2f37ff1b215814b82ec6c10448304bd209a537aa25d44e0adeeb09e38d493eea,425711
art-grande.jpg,131ac8fcd2bfb74a7c189c7956ebaef4295e22d3efdcfed7e950ad7fccaf31db,539653
art-looking-gallery.html,c31ac7024b8098c771d8ff321a9a366f3a10e2f24ed50467765c9321d38a18fe,74784
art-matthew.jpg,091c219c430231959888949bc053348eebc8d520d6d1e38f097630c2fcf5a9a3,393153
art-starry.jpg,70ddc5f0b95875823ddf261ad749b0faaaa5405b5cfcfdd803628c28da847137,350032
art-sunrise.jpg,b2f8acf6aa17050bcd16692dde5db5fbd181acf66cee5a70393801dae5e4d493,446207
art-wave.jpg,82a97a09f95ce3f20ed56e2e98cea620583fb11f4b821a08c3e198dacd7fbb14,433605
atom.html,0a6a976bf81841b37feed83930ba5f122f36ddbfba798d57429df3598ce44700,60110
attractor.html,caa5717a9437098138f1579cd36b649a514b4d1c26d78fec9e915d1b01da9ca5,45422
balloon-gases.html,bd381f5aec94e5f56dd99a69669331f1b991ce667992c738381e95c741fba168,44995
balloon.html,2f84aff2dd531be0eb037a37dde17c349555fc3c91fb8b51f0be4f6191ed4c13,46728
battery-lab.html,6274daf66f0b8f0931f6b687893f85c10d51e19eb87c097bd4d7ddab81031754,62709
boids.html,f8e01391dab1e30e5c25e6ab9d76d4a5628a1c96f89e5e58e161730c96c51893,56845
breathing.html,1892fcff82551c0322ed65a55ea9e65c3f04b1f020311a34ed55b731c8266266,61926
buoyancy-lab.html,e726931547c8bf892af6303491b11863717265beb8b3c06175be0886aa8e409f,62069
canyon-run.html,7ff1846fdfd70b0d4b3621fdeb5233d2f3dab2d41e8f3db79ab5149784c629b2,46549
capillary-porous.html,358a96d9bfcac9802dad75f879ec96c26b93a12e17f9d287bb5094c04aff4ff0,61747
cave.html,a8a94286ba3e50086bf57f70399e7ee5e617b5d831b63e8c939d74a7eb92beb0,77375
cell-membrane.html,1de7f1d7e258f848eb5dba98aba37023c98689732b9b89f975796e3fe730f412,61637
chromatography-lab.html,e3fddfac5f2273f8df006423617c0ea911732299cc404ba22f9dba75c5c47535,57162
cipher-lab.html,feebd60c5b9c00db0133d73dca95d5a3e8e4fcc1f558089713fc81bff2c56537,47798
circulation.html,b23ea95d56be1162e0b02c30430feb7cdca3e3aa989e63cdc3150eb55eddad9e,62705
combustion.html,16c1e3e09e699c2e982caad23dc6d3975c77f3d5123c086cb811fe08c7b13211,59562
complex-plane.html,06a07c5715d45854049056f3efe5b08606a36d1b77bc2eddd2eb7b324cfb6853,57417
constellation-guide.html,b212349476e0e1e01e056a643e9d552e3a8505703512527676c7b9334ef656fa,64936
crack-growth-paris.html,d3fc6788937d2ea7b82c323b72b007fbeec5daccc30797c5f47ac6d6d527a7b1,61593
cue-navigation.html,5fe0ac33414a58a140cc5b1e93a27417e29eca1bc4159531cdcaae217ad295ed,48977
derivative-lab.html,070f2808c895bbbbb84e2313e1d4d0bc53bd425a6ba0df21e489265c47f2ad7a,60948
digestion.html,bbcf46626cbf7434a48ee2592249f38167a7ddc63a140c02547af5023624c612,63901
distribution-explorer.html,9b591a9338168ad804eece97dc129e3b7d7e51f33c8abf3b38ab1e548120274e,46463
divergence-angle.html,955f9e664131dc47d3175354590271a59095f107fa6905ecfe815dc760195aa9,47220
dna-protein.html,20d3a93740217d928d3819e41ed3eb410f4b5cb6969bfc66f4f3f9981dc6ffee,59655
donut.html,ebbd0b4782272893b1be5bbb30d10b64bef42d8d13cdc6199acb263c1556cdeb,46479
doppler-effect.html,72cd2d548d0894495bd1a9badc446c7e702ccd269719887646438bd141c326b9,57840
double-pendulum.html,c7b85c68b5a1b4f44ffead1661fb51475fcade8c042df734e810311de3018e46,46199
double-slit-diffraction.html,2c3dfdbc08ac973516909c4e1ac2162e2ee4f26a11d8fb13f4b9060a942ea002,61953
drum-machine.html,5927e3c3bd312fe54cb04d40b90285cd5e820dd505809c994a75c1d7f0bb80e1,46676
dungeon-gen.html,55bd63bb252b249e161b00017366b8f860c9d7ea4ffe783614a65096e979c8bc,45919
eclipse-lab.html,0cebc63d31f32772fcc5d7137225647abd4bb0b40f1ed546470e3f36be5b5d26,59997
electric-circuit.html,b6403d29b573062729f3948aefade22b2f99318c61472fbf55cdf4c5bbab5a2e,60143
electromagnet-lab.html,b2e4e00cc5f4226a4b079a465032512fb177f718543b732264e51a7e1740905a,62979
electromagnetic-spectrum.html,42665317ea6ae0c5ba3eb3c92fedaa0b499b76beb509ed61e77845168b1d79e3,45177
element-sandbox.html,d1dc5578230c949332911f2011382d47f8f70231229f600ea1765d3231518beb,23384
engine-cycle.html,c6ac1dd0c426e121d61d516f17b93665661cb9777d2a20e0a8b54082d63ec39c,62433
enigma.html,adbb08f53a73a284b7b5bc017583e8ce27119648731f5e6a1dd795e807d8dbb2,48312
enzyme-inhibition.html,ca15439fc685e45a5815937b43b80c6adbfe2ba422b9205c3509e37ec38274a4,62179
enzyme-lab.html,9169ca40f152bdf7614e196a8d310394bbe312d3b77c83cfa3efdd3bb75ac387,60992
erosion.html,6eac909364a75295b652d16a53fde90c7bcfb8f478d3ce836f033a708a4d9170,56160
fault-stick-slip.html,74c195a087227755fd2d9b858798d6448dc1b6c073030fb7a786d0bfde6d2dae,57023
field-guided-growth.html,11c6148e176f14d8ab7e658c1895089b71bb250fa550d9b4c3d57ca569ab9da6,53957
fireflies.html,d5e20328aa2089b8d96e5d65083430f7ccc9eea01926633f2d153904b1e53d13,55851
fishing-ecology.html,2d410a5e74d9a3e3c695e0a140a2512bd8a5fd140b6b66cbbc0d9b0e71970430,46904
flame-test.html,b516abfa71747d8e78182b98652f823ae63c8b2c1eb75f3e0e686dab4ba944fc,57461
flashlight-mechanism.html,029951351d3dadefd2c9db23614da62bbc35b0e27bc3846ffe4a259d3020b509,45178
flight.html,360b7ea2bd2f05149cf148e4fc1312a5159d6c7d74e1740e53a86780be35602c,45549
flow-field.html,008fb39cc2b0939bd760d55d4f0380911a49efb779416d0b51055f4d4d89df6a,44561
fluid.html,116fb5bfa92376c51a1665a45a8163bde9f0118528710bdc9dc6e346b2b024bc,46428
food-chain.html,f6bb1e6dbbe0e057f09c307396a84bbe64c9db29e3e455eb80857499abaf5c34,54907
fossil-formation.html,7f987641ea93abe7a23717282cec171d8375e0c1cd8e32d6e2219495e836b222,84634
fourier.html,2821df08ca2646164e98649edf9eaf27e5d8dad7db6540b7eefb461745f35fe2,45873
friction-lab.html,5d3c6fc326637a5db00d90ef9e788f1e1317375767fc816750c9a1213df202e0,59871
game-of-life.html,2a937e38d67e6aeccd1bfaee5ffae49a1987686ee3d55c221e39ac3795afb44e,45270
gas-laws.html,31a1d6f9d984a5cc6e9b0ea983ce07d6e08184cc9bda912c04c3faf7c31fe86b,60203
genetic-drift-selection.html,16f02b5d247c7c5ba808c57c79db3258f7cf722d0b3b624678db965ab11432c3,62774
glass-thermal-shock.html,e46d852fa34bb4ea990080ceb87d9baa501544b717b213a1b563e8753c5d7717,44934
glucose-homeostasis.html,cf839dd1ea1f69cebb8a3878b021700e7d8bcf30ec921f366a2e7e2a96455de6,47115
gravity-lab.html,835405a798ca54fcf53768d571058aafd91b3bc7bffa30b2ac6d3ec40476c966,46003
gravity.html,c143327bdd22e6a548f08b3ec9ebfd1071428e577243967e83968e3492b50ed2,45392
groundwater-plume.html,09ae62874edaacc6e9026f6bc1d92e36692d6f858b6305f74e2f77c9cdbbc46a,58173
growth-edge-patterns.html,57f34e2470101a6102dc3dda70cd205f787a49c7a37f2724879e26b81836e1e4,56865
haiku-tanka.html,77034103ab1f638a6ce22be0a3c0b29de88015316dbd4e2d8a1abca4feba89ce,47596
hearing-balance.html,c890cd1b7583bd2ef4cae7f3da5e99411f86213435f96906cb8dfd73ffe623c1,45594
heat-transfer.html,377df74dd667436f6be2ee2a9e17fc3780dd70a3eeceb8a4f01bc387365294a4,62972
hydraulic-elevator.html,87f7d522d2b011333046ae612bc611d9c3a57d46c4c8ca00df6825039f6e75e0,60425
hypothesis-testing.html,1367489ddfd2e4ef4b38997cfd8aae9d7262bd2561866cb7d85a8e6d37b22db8,61329
image-formation.html,0b93fdaf1070cb07e71ecbf00d0a2832636874072e0b4f62d5a16340e6e37c9e,58531
immune-memory.html,609d1e3d4c1d8d4f0dd525da712773de95575924fe9546d586cb455148b7b6a9,44954
impact-deformation.html,a9c9abf4c5f0145811cc3249c45016781ecb25f9f27ffd97aef4b6cb99fa870f,57295
index.html,45a75b3561b408c69573928dcc1f028d5ce3b46e9956dde6bb991bf3c7e3d526,386068
inertia-law.html,ca373e2aba17a30cee6561f843f9933f4ad7637c095f7d1bde9845d1138dc069,57111
inheritance-lab.html,3166ec73d39f2ec8f4a5fc514d02dd7c8802fb53fa95dd2302380ceb8f6f34b7,62482
integral-lab.html,2d1cce60a4032ceeb0a39429a5ce8e391db33f703e2f01688f3d20fa480ff89c,60885
ising.html,b733c26d7aafaece6831d4dbeb964cbe87b2f216b8b4527b072b6654de23d8d8,45155
jungle.html,ef796bf888cdc1667f01fd44c492e93ad89d6bfa835ac4bfa3ee724028e1178e,74027
kaleidoscope.html,dcc117cd1af7156fede5341d39497289e076851f50573f95857f9402b04fecc4,49293
kidney-nephron.html,89bdcc3df90a11a138371b6d57b77f6025b967acb4353c80b7495bd7394fbea8,46351
kids-index.html,bb86d4786815a0ba7a4bf1a7f0c98bde6976d07c4e424ddf9882fe7f42095c2b,386635
kite-lab.html,885dbda6f3089e0bcb86afa5376fc92cfe26556513e60ec693136b5789faee64,54705
l-system.html,93af476acc26a08a38c9c4e676430df9af70839a9f373e14084359fd72e05078,48568
logic-circuit.html,27e946c815a10998b19f69735dbf1bcdf9f6917d10516455de807859555f1baa,46068
lumens-scenarios.html,97681ff36077920d0e6b07ace5734026a2669a1a8b6bdbd909d0c060407289ed,50662
mandelbrot.html,00674b7a8c2f717bb1fed5e279bb9a1bb95da65f5e6e99152ce8fe276f911591,47821
markdown-editor.html,244475e282f5d878daefac2ab7b4eb3cf897965bf5a7cc7226edcad3aedb1e3d,47601
market-risk.html,a738f72f3feaa9f27661b956daa4365f657b3ce006b25b2bddecf1d9829307b3,52186
material-fatigue.html,82a9ec467c4436dba88afe59763f3afbad582167ea96d2e82a044cd8f56f75a6,57670
matrix-transform.html,f5f0eae31dbbb59420b2ab6a3cbe7eb5d8db096685b3506f24e026ea4c3858b9,57739
maze-3d.html,3ec6754c9aaeb8b07dc91de55af1c4b27e6d6e32675d43ddf3158915d0be1b30,46519
maze.html,f84f268145c9e21bf8c1a77020243167279743f72f3abf816cecb6567c287c57,47208
measure-speed-light.html,c2c2d052edaf0795fc8dba689d5353d8908dde5d24b75bb44613527e4e791482,43362
minesweeper.html,58d0f44d0a0fa759667441bd22ad7c90bffbebb3ca3e03292b8aa08b4ebdfbff,47688
mini-transformer.html,f17792d5fff9e9b2e7e953ba22a4c4de533f3c6d1f0dacd34bcebdef8f521e75,59038
mirage-lab.html,9c1e9938bde4806e4598ab2a365ea6a32c9ba44f9f121db4032b1436c40fa49f,61531
mitosis.html,404cbdfabfbcb38e1056a41234edb2ba9e531273a6276fc13387ec99db7c0fcd,64434
molecule-builder.html,d4ac39a43c17dd75ba631edb7fca39d8b695552e28bc549e0fd6d0814b078f8a,63636
momentum-collision.html,22ef3c06708736aef1336c984f6f6fddf5ad9e43a68344451040ccbb0a202c02,63537
monarch-migration.html,210f18f8d20b61207ef0a7791725ab8ef62d04d05267d8d72f1d631d2eaab238,61186
moon-phases.html,63ef2eb8db125ae2a23b17c3828107a2c5e6751a20e3d98d0bfcf0128a0922e1,60837
musculoskeletal.html,5300faf4c14df3ab2b4552aba03b5afbb3e4e456bc85e96082a3ceb2848f235d,46221
music-visualizer.html,4fdae727cccb6bab89c7313a19e4ff2373ec99c4564eb4ebf60ea9b9cfd4b5b5,47984
natural-selection.html,6b1206eb7de8edd50ec882c3106b8bd05770dfe6846922edde34e55dc0bbc934,63314
nback.html,d95c1a27cadecffd4bd0af81f1af6df3090ee168dea26c472f30cfef6f5eeaaf,47838
nervous-reflex.html,f9436f53fcad61587eeac21fe0440cf19149d31a485a67b525543244bf5c4655,46943
newton-cart.html,4438f0f418d844e2460a3c2221cdb34adebdc79a9fab5a0d30bfca4cd3dd0ac6,62882
optics-lab.html,22924edc9287edfc6897a4db395e3147c3aa14825e1a011c62fe9e1362e5bf2f,56967
oscillator-entrainment.html,fbf74665a2bbbc2cdf1ebec366411746455b8be59d1144abe79d4f4419a1bc90,55396
packing-optimization.html,5a7d048db605bb77277f5d185d24b527ba8556459b2b4f1607c7c3a6ea4f2062,53314
pandemic-control.html,ec6794ec577e63e22efc82f206d3842678cec85e50a97931c08e67a0e360fedd,48196
paper-plane.html,974fbaf32c10a9313e89601293f8b3ca1f934551f264cf50bf199664d645800c,61690
particle-life.html,f071fff3052efdf4b78dd76ba8ae9a6d2c471bc945e069f7c8e2a30a9388e347,45781
petroleum-refinery.html,96fa8c731185fe4cb3647f9c4b7c823033b19767eff8634a75674e260878746f,48460
photosynthesis-factory.html,9d220563d351744e2f0037e1aac0ec2bde29b679336249f1ba4498d87b45d9b8,61193
pillbug-maze.html,dd172caab14c51e64f450a4eae6c35acf4c28135d8d198d6e912d4179956b96a,60522
plankton-world.html,c66e1314458f10ca3b14b7b62d5cf8f9553d706ecf898867a654a6c08a27c057,61085
plate-earthquake.html,f5aee35fdc968c3bac244c95fabea28e3a95c962f2a005c98feeaa75be1f7ce6,61540
pocket-money.html,5c28b2a2eb393cd1646a8a546f4d3c69a7a3176b4c86204243c646da81dcc702,48793
projectile-gravity.html,b79695346f9f15a774f387953e4377ef6c738ff93054f9235ac0b9fbda2f27d7,72458
quicksand-simulator.html,80ffd6abedd80fc238690d41f84bf103fab98e1cbdb9592d7db28e795d28ede4,63393
raindrop-journey.html,9ac22f79577e393e9886e957d7057fab4c56fd72ed7518189739c6e833cbdcfc,63493
raymarch.html,603ea7484de6a2e56dc672379dd90df2da970474cfc6ba3b5b005a05049629e9,47094
reaction-balance.html,1fb34a0d2b7b215cdb6b609acf4d1b3d19a6ddd8c243848497895f14988825f2,60317
reaction-diffusion.html,b57e7cf7d2bb6b71e87b120def808d4f060132971a8a105844a5e7e64d6a07dc,46172
regex-tester.html,6c4d8eaac90bd2b76b90b8dff40311514f2e405e045fb02ef8f7e60cb0115fbb,48021
resonance.html,d03fec98812f4fb13643e26be7c9a04c56c1d0d3e82c26e396c0a0f35eb38130,62335
river.html,be5ec43316249da4d8d4b55ae39eb819b57c490428afda9bc4c02a88491bf5bd,46082
rock-cycle.html,cb34f3d780721665a767a0a85ddd83fe2c4a555725c82c143bbdc10846d56e49,60193
roots.html,41505d99e203fdbe5400b1b2aa72dd87122ce5995b4b54e924006c6d990a465a,54288
rotation-torque.html,2ede6bde73f400180399d1793e07d3ef7340972c82615e57577c34fa6c1004dd,63506
route-optimization.html,cad206b9fc83062b336cf3e81b4fd8e214063fe994320c5c0287615863eb2889,66149
sand.html,4d2b8d2a70d030fbcba0176cfccae50e050775bbf28613ba85db0ca31aee2aff,59726
seasons-axis.html,d4332d6e92dc958df6355427c8240165643a918a7e44a007a85e0f97aecf9d77,61281
secret-note.html,1bb6604ded1db79c1e83eb9f5d962605d6003c628f15756d1ba5ffd3726bb67e,47518
sediment-resuspension.html,98adc4af3ff387ebe75452c19a3175470fea7acfe1bab93fd853bd97e03f9b7c,58753
shop-manager.html,0e1aa929a2a2508287996536e24858c9f40b9336fbaa1213161532367f2bb69d,53312
simple-machines.html,72aa14becf82ba72549322467f99d099b283e78ccff68317e5f1a0eb8cf5dfa5,61273
slime-mold.html,121e7796bd39097540b8ab2f5a87cf1d89c814900f6e32be27a1594e6824d404,54096
snake.html,ec57f438e6480c96dd125b12aec4987ace9aff18759ea87ae77b0aab6dd2b559,47346
snowflake.html,05cf3ef34a8668b3784112cce9adc3485078bbe254fb8293b8e906d0c321d66f,50420
soil-infiltration-runoff.html,ef2c042498921de54bdf00dcdad5fbe603d83decf5c01309dba13a9729bf894e,62354
sokoban.html,4a99462baeaa4b791a031032d3c67f38828c2ef52ab9ce90b482cd7f14fb9c3d,48433
solubility.html,4fdad8dd733eff13a1586bf8da5d8ae501db48592a4f69aba8999d3f2e05933a,62498
sorting-visualizer.html,4a74e30ef10b68b37623d695ccca1edc8fce54bf073b8aaceb38ca1a02b545c2,47300
sound-reflection.html,33da4bf98796a3277422206701c2d7ccd5790f68a01dbd8e92524cd6ce382632,62332
spider-web.html,20b93d7dbfa31d9e48357e4e0942106bef23536f6da28870d0818463d7e48baf,61297
structural-color.html,b55e111453e771b24466fcb25289058995e42d440c29e3416ceb3c315e2e83a9,45904
succession.html,476aa305366043c0933c3767cf61243b337bd0544d3d6ed6900d06784053135e,54250
sudoku.html,455ffa68bcc3626030319520f51ef14edd991bd41eea17d7313aee707808550c,47836
supply-chain-manager.html,2da5176f20f7ac26765908e1cf420fa444af2ba1a309fdc8dadd03c89aad7e02,48857
tanker-control.html,2ebebba5a329149db67652496b8d1835b32284157a08d8f893dc7574b44c3a60,51173
taxonomy-tree.html,3f841733cea242e04467406306a49d76be5ef17be869780307e5a60b4831aefb,59260
terrain-gen.html,5a6c849337979445128e14acd8e6b34dd887e7f4a47c3ea185b5fb7d168ed38c,45082
territory-control.html,d27014d9b96138b3c9b63fa3420daa030ff78352fc3ac1e371eff7427e25179a,48623
theremin.html,c8ce1738d6b52933aa3589d16914daa90ee59f08a76f44eac508d556f73015dc,47107
thermal-convection.html,754cd8905fc8c06a8735d8be71b9ce3c7edd1ff00ee58874323125ca545c7035,57689
thermohaline-circulation.html,e0e8fcee915cf10c8b6203879ada4e8d63f04763359cdd7bc6ef21c397f19de2,57996
tidepool.html,2cb388ee4b3795d4123d938bd2f7fdb969ae8f8fca7d749b5e2cb647ae2e2262,80094
tides.html,53d9003f03e33e16d077a6312f45b55d69d29b19b1a37e235577dda2501126ae,60818
traffic-control.html,aa0d6a3dfcdd26b4098b592cbd78bef3b6e3df8573312d52cd0b4beb7fdcc64e,54139
transformer-attention.html,5f110d2edb16389bc5a71a5eaa0ba9cd969e1d3d11c5b0c91f42450c40fd455f,63434
tree-rings.html,ef140be41eecba94778c0850331128c11ec5c41b55d1330174d724eab6eb9116,58960
tuning.html,4cd03f9d7b239c7f591b66bdb254c0731625ade061d151fda2edf0283e2ac084,45013
typhoon-genesis.html,20dee72f891b0f4cf73dfad8dc9d9ca158226634d8edf4aa4502ff868198b647,62278
vector-dot-product.html,1dfd9d6717d7e21ed192c0932ffed4b4168da4b6bb177af48586242c40d65db3,58047
vision-lab.html,ff0773372cfb0becb98fdc2c931b4b7c302133c0ce0ce27be7221de5c513f542,45750
volcano.html,028adfdddf84ca54caed28cdf96392cd2c63c3db734f3596566002a1ca2172af,54067
voronoi.html,98050a2a5c4f4c4b94fb54a2b4e9fda9006e6c725c8c5ae2e01c791909a89bfd,48753
vortex-street.html,7cd52653cb04062593682a42dc2cf6403616657be5eda84efc0c1411fb7d9c4b,62128
water-cycle.html,5d9a821b0ed0f7baf9db91f25692d6c262e9e4f3f4b9a9cc656913012d485a6a,61550
water-states.html,95e1cbbf8b4699db389fde61d4f9ef45ee7b977b4eafc1af0eaa3ac69fd42eb2,60528
wave-interference.html,8fec6b5f9c519ea4e897b471af6e4b9be02041b3352d3cbb20da1f8aa95b9adc,55583
weather-fronts.html,0b1f63089b3e941a3b9f3597708be0e6578bfba505d6f286f75f50698e149ffe,61009
weathering-lab.html,33e1a93116abbc521acc515cf02f6a90b60d69b1c04fc7a92616a1899aa9f822,72368
whirlpool-strait.html,00b086736b17f64a6110914ac6efc59bc042fedab52c4cc93a5070686901e2be,50692
world-clock.html,801fd4ba35c5f7a1e050af8579d143b5cee756f5832b733243bbd74be573efe8,46968
